0.png, 1131, 739, 369, 452
0.png, 2369, 325, 367, 460
0.png, 2446, 723, 393, 452
0.png, 940, 1338, 359, 447
0.png, 777, 1470, 377, 325
0.png, 282, 1410, 375, 382
1.png, 2247, 1131, 385, 470
2.png, 2338, 899, 486, 555
2.png, 1813, 1638, 400, 158
2.png, 455, 1635, 406, 160
3.png, 1113, 1369, 483, 416
3.png, 1932, 1276, 390, 473
4.png, 470, 1289, 377, 460
4.png, 1831, 1080, 377, 447
4.png, 1475, 1617, 387, 178
4.png, 2335, 478, 488, 457
5.png, 359, 387, 473, 416
5.png, 599, 431, 488, 418
5.png, 1390, 431, 460, 480
5.png, 2374, 741, 385, 465
5.png, 2374, 1002, 411, 429
5.png, 1369, 1338, 385, 442
5.png, 1583, 1374, 377, 398
5.png, 612, 1361, 385, 426
6.png, 462, 803, 387, 447
6.png, 584, 1369, 380, 424
6.png, 979, 1638, 385, 158
7.png, 351, 240, 499, 344
7.png, 597, 243, 491, 320
7.png, 1382, 243, 478, 468
7.png, 2374, 509, 393, 468
7.png, 2389, 653, 403, 475
7.png, 1583, 1064, 390, 475
7.png, 1361, 1152, 382, 452
7.png, 963, 1379, 387, 416
7.png, 615, 1090, 393, 452
8.png, 470, 524, 380, 447
8.png, 571, 1051, 408, 449
8.png, 992, 1341, 382, 439
8.png, 1188, 1418, 380, 372
8.png, 1527, 1253, 478, 418
9.png, 165, 741, 387, 449
9.png, 917, 1121, 385, 457
9.png, 1235, 1361, 385, 431
10.png, 1958, 1183, 385, 457
10.png, 1818, 1253, 369, 473
11.png, 739, 1108, 385, 462
11.png, 483, 1374, 480, 403
11.png, 1886, 1191, 377, 480
11.png, 1240, 1550, 387, 240
11.png, 2076, 1187, 490, 424
12.png, 1737, 1319, 386, 455
12.png, 2170, 999, 377, 468
12.png, 2493, 915, 335, 476
13.png, 860, 1293, 372, 485
13.png, 2023, 1434, 393, 344
14.png, 850, 1440, 396, 359
14.png, 2036, 1016, 381, 442
15.png, 2195, 1428, 381, 359
16.png, 1775, 921, 387, 476
16.png, 1993, 958, 372, 445
16.png, 857, 1225, 381, 439
16.png, 571, 1587, 418, 209
16.png, 1977, 1551, 411, 243
17.png, 645, 964, 384, 448
17.png, 1477, 1056, 405, 445
17.png, 2091, 924, 390, 476
17.png, 1959, 1603, 399, 197
18.png, 1781, 1271, 378, 451
18.png, 2180, 1013, 402, 445
18.png, 2481, 906, 347, 467
18.png, 2254, 1501, 384, 289
18.png, 1105, 1597, 390, 190
19.png, 1971, 1529, 378, 267
20.png, 289, 1105, 494, 421
20.png, 1026, 1495, 408, 292
21.png, 2404, 811, 418, 433
21.png, 1781, 1194, 405, 451
21.png, 1732, 1544, 390, 243
22.png, 556, 1154, 378, 464
22.png, 841, 1164, 387, 430
22.png, 1732, 1124, 402, 461
23.png, 2146, 1081, 488, 436
23.png, 1443, 255, 384, 451
23.png, 1201, 243, 356, 267
23.png, 104, 1035, 387, 448
23.png, 359, 1372, 381, 421
24.png, 80, 479, 390, 461
24.png, 218, 1308, 390, 451
24.png, 2287, 1081, 390, 454
24.png, 1833, 1572, 362, 209
25.png, 286, 1271, 362, 454
25.png, 577, 1336, 402, 445
26.png, 270, 792, 378, 470
26.png, 586, 758, 402, 482
27.png, 1102, 1170, 510, 427
27.png, 866, 1271, 387, 461
27.png, 519, 1676, 384, 114
28.png, 378, 1250, 531, 476
28.png, 111, 1597, 350, 200
29.png, 1547, 1437, 381, 353
30.png, 1931, 752, 375, 445
30.png, 1762, 1274, 372, 433
30.png, 2260, 1455, 368, 335
31.png, 390, 310, 387, 442
31.png, 160, 679, 368, 427
31.png, 1679, 893, 482, 396
31.png, 1437, 1111, 479, 402
31.png, 470, 1557, 365, 230
31.png, 178, 1557, 372, 233
32.png, 1443, 249, 479, 310
32.png, 1710, 249, 448, 175
32.png, 473, 654, 359, 445
32.png, 181, 976, 381, 445
32.png, 801, 893, 375, 461
32.png, 669, 1403, 479, 384
32.png, 1081, 1461, 368, 322
33.png, 783, 249, 396, 325
33.png, 178, 540, 378, 461
33.png, 1615, 1419, 387, 378
33.png, 1922, 1314, 378, 479
33.png, 2389, 1262, 368, 445
34.png, 1916, 967, 390, 461
34.png, 2389, 967, 384, 473
34.png, 1461, 1437, 393, 359
34.png, 178, 310, 387, 454
35.png, 169, 243, 390, 267
35.png, 1480, 1029, 368, 461
35.png, 2303, 1394, 353, 393
36.png, 2005, 1280, 378, 442
37.png, 593, 709, 467, 399
37.png, 1422, 1326, 384, 430
37.png, 1940, 1001, 485, 427
37.png, 2266, 734, 381, 436
38.png, 1584, 1087, 362, 464
38.png, 1894, 1111, 372, 430
38.png, 562, 1013, 381, 442
38.png, 160, 1170, 384, 451
39.png, 1560, 590, 384, 464
39.png, 1879, 737, 405, 424
39.png, 577, 298, 375, 457
39.png, 160, 543, 381, 445
39.png, 372, 1345, 396, 439
39.png, 1983, 1581, 470, 203
40.png, 1584, 249, 368, 372
40.png, 163, 249, 368, 184
40.png, 387, 995, 381, 433
40.png, 1461, 1317, 359, 430
40.png, 1873, 1216, 470, 411
40.png, 2002, 912, 470, 402
40.png, 1882, 396, 378, 464
41.png, 387, 623, 381, 454
41.png, 1477, 992, 353, 448
41.png, 1670, 1154, 494, 399
41.png, 1864, 654, 488, 424
41.png, 1983, 267, 491, 414
42.png, 384, 252, 384, 454
42.png, 983, 1142, 467, 445
42.png, 1999, 1468, 372, 319
42.png, 1455, 645, 381, 457
42.png, 1676, 636, 485, 414
42.png, 1873, 249, 464, 236
43.png, 1455, 249, 408, 372
43.png, 2017, 897, 356, 427
43.png, 976, 540, 497, 427
43.png, 706, 1016, 387, 448
43.png, 1019, 1176, 362, 411
43.png, 436, 1415, 387, 381
44.png, 823, 1243, 396, 430
44.png, 436, 255, 402, 221
44.png, 101, 1575, 479, 221
44.png, 1686, 1535, 381, 258
45.png, 844, 1029, 375, 427
45.png, 95, 1326, 500, 433
46.png, 98, 1041, 510, 439
47.png, 1928, 1059, 387, 448
47.png, 1750, 1458, 390, 335
48.png, 1007, 1376, 387, 408
48.png, 1940, 1449, 359, 338
49.png, 1867, 1262, 390, 457
49.png, 372, 1326, 365, 467
50.png, 1876, 470, 377, 457
51.png, 1552, 1604, 382, 189
52.png, 103, 475, 380, 444
52.png, 617, 821, 382, 447
52.png, 715, 635, 356, 488
52.png, 1232, 734, 398, 457
52.png, 2234, 1005, 499, 426
53.png, 103, 248, 395, 261
53.png, 610, 245, 462, 431
53.png, 1232, 310, 393, 462
53.png, 2242, 501, 480, 416
53.png, 2250, 1286, 380, 437
53.png, 1927, 1304, 478, 418
53.png, 1689, 1431, 561, 364
54.png, 1940, 1036, 480, 424
54.png, 1692, 1173, 400, 462
54.png, 1893, 1410, 408, 367
54.png, 2234, 1054, 395, 452
54.png, 553, 1607, 393, 189
54.png, 2239, 245, 483, 318
54.png, 1235, 245, 387, 271
55.png, 1937, 331, 475, 403
55.png, 2250, 514, 354, 431
55.png, 1728, 522, 375, 457
55.png, 1883, 772, 390, 442
55.png, 1607, 1002, 393, 444
55.png, 1160, 788, 385, 452
55.png, 561, 912, 395, 449
55.png, 119, 1454, 431, 331
56.png, 548, 437, 408, 470
56.png, 1609, 524, 393, 449
56.png, 1289, 927, 377, 460
56.png, 956, 1348, 514, 413
56.png, 108, 951, 390, 437
56.png, 163, 1118, 398, 439
56.png, 1176, 245, 377, 271
57.png, 563, 245, 382, 356
57.png, 969, 920, 491, 424
57.png, 2247, 1279, 375, 457
57.png, 111, 617, 385, 429
57.png, 155, 889, 398, 380
58.png, 127, 393, 367, 442
58.png, 158, 651, 400, 444
58.png, 225, 1488, 375, 305
58.png, 2234, 1044, 403, 442
59.png, 98, 240, 400, 279
59.png, 155, 385, 398, 449
59.png, 661, 1547, 385, 240
59.png, 1558, 1514, 398, 271
60.png, 883, 1384, 475, 398
61.png, 506, 775, 387, 473
62.png, 49, 806, 385, 447
62.png, 1028, 1237, 364, 431
62.png, 276, 1609, 292, 183
63.png, 1033, 253, 382, 449
63.png, 1033, 522, 367, 431
63.png, 279, 770, 390, 470
63.png, 870, 1232, 393, 447
63.png, 460, 1173, 473, 416
63.png, 346, 1648, 220, 137
64.png, 297, 300, 354, 462
64.png, 886, 728, 364, 455
64.png, 1033, 245, 380, 318
64.png, 465, 700, 483, 382
64.png, 325, 1266, 367, 437
64.png, 839, 1276, 349, 468
64.png, 589, 1294, 437, 408
65.png, 801, 235, 395, 442
65.png, 328, 444, 377, 460
65.png, 483, 927, 367, 449
65.png, 811, 1033, 398, 447
65.png, 189, 1237, 493, 390
65.png, 352, 1320, 380, 449
66.png, 1103, 488, 449, 411
66.png, 1242, 269, 375, 442
66.png, 2405, 1129, 271, 434
66.png, 1359, 1560, 276, 227
67.png, 925, 617, 473, 418
67.png, 1390, 253, 354, 380
67.png, 1353, 643, 377, 444
67.png, 1591, 1023, 380, 426
67.png, 1080, 1545, 380, 256
67.png, 2410, 380, 266, 431
68.png, 1093, 424, 359, 449
68.png, 1963, 581, 395, 470
68.png, 1991, 1111, 468, 114
69.png, 907, 819, 375, 227
69.png, 1137, 824, 455, 313
69.png, 145, 1108, 372, 424
69.png, 258, 1408, 393, 393
69.png, 468, 1167, 359, 411
70.png, 586, 307, 509, 382
70.png, 186, 315, 276, 119
70.png, 346, 847, 470, 398
70.png, 865, 669, 380, 449
70.png, 661, 705, 457, 408
70.png, 431, 1281, 395, 434
71.png, 452, 434, 364, 434
71.png, 351, 1235, 372, 452
71.png, 1341, 1046, 393, 449
72.png, 561, 710, 387, 465
72.png, 1072, 548, 387, 452
72.png, 1400, 1124, 496, 475
72.png, 1989, 1098, 359, 457
72.png, 2273, 899, 385, 460
73.png, 57, 780, 380, 457
73.png, 1452, 1152, 341, 434
73.png, 2087, 1289, 501, 421
73.png, 1991, 344, 375, 439
73.png, 2291, 248, 356, 356
73.png, 1467, 243, 375, 413
73.png, 832, 261, 359, 449
74.png, 59, 253, 367, 369
74.png, 819, 1175, 359, 447
74.png, 1304, 943, 475, 395
74.png, 1560, 1090, 395, 465
74.png, 1434, 524, 372, 434
74.png, 2110, 571, 470, 411
75.png, 796, 765, 393, 457
75.png, 1188, 1046, 385, 468
75.png, 2035, 1299, 393, 473
75.png, 1596, 1558, 196, 230
76.png, 1421, 1007, 380, 455
76.png, 2048, 927, 382, 455
76.png, 1991, 1545, 377, 251
77.png, 34, 1237, 486, 406
77.png, 2038, 537, 393, 452
77.png, 1865, 1346, 390, 437
78.png, 41, 555, 480, 429
78.png, 328, 1085, 480, 418
78.png, 803, 1188, 359, 447
78.png, 2033, 238, 387, 232
79.png, 165, 775, 382, 470
79.png, 403, 1005, 483, 411
79.png, 1113, 1118, 377, 460
79.png, 1294, 1335, 421, 395
80.png, 168, 251, 393, 315
80.png, 400, 359, 499, 406
80.png, 775, 1054, 385, 434
80.png, 1103, 315, 395, 488
81.png, 661, 1209, 377, 447
81.png, 1025, 1087, 380, 457
82.png, 351, 938, 387, 452
82.png, 506, 1106, 395, 460
83.png, 584, 1116, 478, 411
83.png, 1018, 896, 387, 468
83.png, 315, 248, 385, 356
83.png, 1196, 240, 387, 258
83.png, 1183, 1475, 387, 318
84.png, 165, 726, 393, 449
84.png, 93, 1031, 382, 455
84.png, 594, 1121, 524, 501
84.png, 1080, 400, 387, 452
85.png, 961, 814, 475, 408
85.png, 1320, 1377, 380, 418
85.png, 651, 478, 473, 418
85.png, 88, 238, 385, 449
85.png, 584, 238, 387, 287
85.png, 331, 447, 354, 447
86.png, 1483, 728, 390, 462
86.png, 1508, 1204, 375, 429
86.png, 1700, 1232, 465, 393
86.png, 1286, 1640, 380, 152
86.png, 1227, 245, 496, 263
87.png, 1152, 754, 390, 452
87.png, 1583, 1465, 403, 331
87.png, 1289, 240, 382, 362
87.png, 1527, 243, 390, 302
87.png, 201, 1085, 400, 455
87.png, 561, 1276, 375, 447
88.png, 917, 1196, 382, 449
88.png, 1413, 1276, 380, 465
88.png, 1653, 1069, 413, 462
88.png, 220, 607, 382, 449
88.png, 377, 245, 362, 418
88.png, 1142, 238, 393, 292
88.png, 576, 1601, 367, 181
89.png, 687, 437, 377, 418
89.png, 927, 284, 377, 455
89.png, 571, 245, 385, 294
89.png, 395, 1291, 390, 457
89.png, 1762, 1036, 382, 468
89.png, 1446, 1477, 426, 310
90.png, 390, 741, 393, 439
90.png, 261, 1343, 382, 421
90.png, 1005, 1113, 444, 488
90.png, 1423, 889, 390, 447
90.png, 1508, 633, 382, 439
90.png, 1764, 501, 377, 475
91.png, 403, 289, 367, 439
91.png, 279, 736, 367, 431
91.png, 274, 1116, 393, 455
91.png, 103, 1240, 364, 457
91.png, 1005, 672, 377, 449
91.png, 1080, 403, 375, 439
91.png, 1441, 393, 369, 442
91.png, 1299, 1054, 486, 408
91.png, 1746, 243, 387, 325
91.png, 1545, 1578, 395, 209
92.png, 263, 387, 385, 424
92.png, 282, 772, 390, 411
92.png, 88, 951, 385, 473
92.png, 230, 1353, 413, 421
92.png, 385, 245, 390, 220
92.png, 1002, 426, 380, 452
92.png, 1436, 248, 380, 338
92.png, 1072, 245, 382, 212
92.png, 1547, 1211, 406, 470
92.png, 1258, 1441, 390, 349
93.png, 289, 307, 375, 457
93.png, 85, 602, 382, 429
93.png, 251, 770, 398, 429
93.png, 372, 1578, 375, 214
93.png, 1273, 1090, 387, 449
93.png, 1005, 243, 377, 328
94.png, 256, 245, 369, 411
94.png, 80, 256, 364, 457
94.png, 367, 1279, 382, 439
94.png, 519, 1496, 382, 300
94.png, 940, 1098, 418, 452
95.png, 88, 248, 377, 191
95.png, 367, 1028, 524, 496
95.png, 1555, 1560, 377, 240
96.png, 1072, 318, 473, 403
96.png, 1601, 726, 364, 431
96.png, 1335, 245, 377, 284
97.png, 963, 1121, 387, 442
97.png, 1901, 1103, 393, 421
97.png, 2227, 1462, 349, 336
98.png, 1689, 1147, 449, 555
98.png, 1917, 679, 382, 444
98.png, 1700, 245, 382, 333
98.png, 2635, 245, 243, 380
99.png, 1756, 444, 380, 439
99.png, 1676, 610, 359, 395
99.png, 2126, 1400, 377, 263
99.png, 1808, 1625, 310, 170
99.png, 1935, 238, 362, 163
100.png, 85, 708, 367, 465
100.png, 318, 850, 367, 437
100.png, 473, 1338, 398, 437
100.png, 1826, 945, 385, 444
100.png, 2472, 984, 390, 462
101.png, 491, 594, 364, 452
101.png, 860, 852, 385, 437
101.png, 387, 1338, 364, 431
101.png, 220, 1483, 390, 315
101.png, 269, 243, 403, 217
101.png, 1831, 238, 387, 377
101.png, 2454, 253, 406, 434
102.png, 96, 974, 380, 439
102.png, 318, 1356, 480, 408
102.png, 1049, 1183, 385, 455
103.png, 80, 429, 393, 475
103.png, 1041, 749, 387, 449
103.png, 852, 1273, 390, 439
103.png, 413, 1348, 367, 431
103.png, 1955, 1064, 395, 460
103.png, 2327, 920, 380, 462
104.png, 586, 788, 385, 449
104.png, 258, 808, 393, 439
104.png, 886, 1663, 349, 132
105.png, 622, 870, 387, 460
105.png, 966, 1098, 377, 439
105.png, 1361, 987, 393, 452
105.png, 1591, 847, 385, 452
105.png, 2392, 300, 380, 496
105.png, 1400, 240, 457, 305
106.png, 119, 899, 406, 449
106.png, 971, 1485, 362, 302
106.png, 1963, 1258, 377, 465
107.png, 449, 310, 478, 434
107.png, 83, 530, 395, 452
107.png, 524, 576, 418, 468
107.png, 966, 245, 398, 333
107.png, 956, 772, 385, 437
107.png, 643, 1364, 385, 434
107.png, 1353, 899, 444, 403
107.png, 1710, 842, 362, 452
107.png, 2072, 313, 382, 457
107.png, 2126, 1260, 390, 442
107.png, 1715, 1663, 390, 134
108.png, 630, 682, 406, 465
108.png, 1415, 493, 398, 460
108.png, 1330, 989, 395, 444
108.png, 1738, 1005, 364, 439
108.png, 1994, 1532, 385, 263
108.png, 2123, 248, 390, 393
108.png, 1328, 245, 488, 302
108.png, 1710, 253, 385, 380
109.png, 403, 896, 380, 449
109.png, 842, 1617, 411, 178
109.png, 1653, 1173, 382, 421
110.png, 1242, 1121, 385, 444
110.png, 1581, 1477, 351, 313
110.png, 790, 1289, 380, 444
110.png, 517, 1294, 377, 452
111.png, 504, 803, 387, 447
111.png, 808, 850, 377, 447
111.png, 465, 1454, 380, 336
111.png, 1219, 664, 406, 462
111.png, 1545, 1111, 398, 447
112.png, 473, 793, 375, 455
112.png, 1552, 540, 387, 439
112.png, 1555, 1356, 475, 400
112.png, 1824, 1250, 493, 413
112.png, 478, 1498, 382, 302
113.png, 1211, 615, 382, 449
113.png, 2281, 839, 486, 439
113.png, 2123, 1410, 398, 377
113.png, 416, 1457, 359, 338
113.png, 114, 1521, 400, 279
114.png, 630, 509, 393, 449
114.png, 227, 845, 400, 462
114.png, 18, 896, 400, 465
114.png, 860, 989, 395, 431
114.png, 821, 1516, 380, 279
114.png, 1459, 734, 486, 426
115.png, 612, 168, 406, 439
115.png, 227, 548, 406, 457
115.png, 44, 620, 377, 455
115.png, 855, 653, 403, 434
115.png, 1467, 403, 496, 418
115.png, 1289, 1227, 395, 418
115.png, 819, 1232, 382, 452
115.png, 659, 1625, 380, 173
116.png, 26, 346, 390, 444
116.png, 251, 276, 387, 455
116.png, 876, 362, 380, 426
116.png, 1459, 168, 511, 351
116.png, 1284, 1033, 408, 455
116.png, 806, 958, 398, 449
116.png, 653, 1346, 390, 439
116.png, 111, 1418, 380, 372
116.png, 2157, 1604, 486, 194
117.png, 36, 170, 385, 346
117.png, 251, 173, 364, 284
117.png, 863, 178, 395, 292
117.png, 1297, 839, 390, 447
117.png, 2139, 1266, 506, 429
117.png, 808, 687, 408, 434
117.png, 633, 1054, 408, 455
117.png, 90, 1188, 421, 449
118.png, 108, 548, 398, 434
118.png, 2144, 338, 504, 429
118.png, 2330, 1532, 382, 263
118.png, 375, 1421, 496, 377
118.png, 196, 1539, 418, 253
119.png, 382, 1248, 496, 416
119.png, 217, 1333, 367, 439
119.png, 2309, 1193, 408, 478
119.png, 2165, 176, 478, 243
120.png, 382, 1069, 491, 431
120.png, 2317, 901, 406, 460
121.png, 566, 1198, 506, 408
121.png, 1134, 1268, 387, 364
121.png, 1720, 1511, 400, 279
121.png, 2397, 1573, 380, 212
121.png, 2325, 341, 390, 468
122.png, 1116, 1036, 408, 447
122.png, 439, 1284, 400, 460
122.png, 1725, 1279, 387, 431
122.png, 2389, 1191, 406, 460
122.png, 2312, 168, 408, 261
123.png, 447, 834, 385, 447
123.png, 504, 1312, 398, 449
123.png, 1511, 1232, 385, 447
123.png, 1728, 1033, 382, 455
123.png, 1816, 1209, 411, 455
123.png, 2389, 765, 390, 478
124.png, 444, 222, 395, 444
124.png, 517, 816, 377, 449
124.png, 1805, 1248, 395, 475
124.png, 2392, 258, 393, 457
124.png, 10, 1560, 398, 238
125.png, 5, 1067, 403, 424
125.png, 690, 1428, 390, 367
125.png, 36, 1421, 377, 364
125.png, 289, 1434, 449, 354
125.png, 1813, 777, 382, 460
126.png, 697, 811, 390, 442
126.png, 2322, 1444, 439, 356
126.png, 1981, 1537, 465, 258
126.png, 1816, 232, 387, 462
127.png, 209, 1049, 398, 439
127.png, 940, 1441, 377, 354
127.png, 1994, 1129, 475, 418
128.png, 199, 385, 411, 462
128.png, 940, 811, 385, 449
128.png, 576, 1315, 532, 480
129.png, 1372, 1049, 375, 447
129.png, 196, 1423, 499, 364
129.png, 2449, 788, 400, 452
130.png, 209, 568, 491, 406
130.png, 1157, 775, 393, 452
130.png, 839, 1167, 385, 449
130.png, 1353, 222, 408, 442
130.png, 2446, 173, 406, 292
131.png, 824, 168, 416, 245
131.png, 328, 1229, 406, 439
131.png, 1591, 1144, 393, 444
131.png, 1878, 1082, 395, 434
132.png, 341, 263, 390, 447
132.png, 41, 1465, 480, 333
132.png, 1981, 1609, 491, 183
133.png, 318, 168, 411, 279
133.png, 49, 1160, 501, 429
133.png, 953, 1286, 398, 455
133.png, 1583, 1462, 403, 333
133.png, 1984, 1377, 493, 403
134.png, 958, 695, 395, 452
134.png, 44, 669, 493, 411
134.png, 155, 1118, 406, 449
134.png, 1581, 829, 398, 460
134.png, 1981, 997, 486, 408
134.png, 1867, 1173, 395, 452
134.png, 2361, 1289, 395, 470
135.png, 96, 170, 457, 227
135.png, 1862, 222, 400, 444
135.png, 1976, 455, 501, 421
135.png, 1312, 1299, 380, 354
135.png, 2304, 1446, 403, 349
135.png, 1607, 176, 377, 181
136.png, 1312, 1041, 375, 421
136.png, 2312, 1093, 398, 449
136.png, 1382, 1348, 380, 434
136.png, 1000, 1599, 297, 194
137.png, 976, 1113, 390, 439
137.png, 943, 1423, 387, 364
137.png, 8, 1490, 460, 305
137.png, 695, 1516, 491, 263
137.png, 1284, 687, 475, 555
137.png, 1426, 1069, 506, 408
137.png, 2304, 612, 403, 462
138.png, 690, 945, 522, 416
138.png, 23, 1059, 444, 491
138.png, 979, 674, 393, 573
138.png, 1299, 336, 468, 473
138.png, 2319, 191, 387, 447
138.png, 1831, 1477, 395, 313
139.png, 708, 535, 488, 408
139.png, 101, 713, 367, 442
139.png, 13, 816, 400, 442
139.png, 976, 377, 398, 480
139.png, 1294, 165, 465, 398
139.png, 1829, 1129, 398, 470
139.png, 2325, 168, 359, 155
140.png, 80, 385, 403, 444
140.png, 26, 535, 369, 447
140.png, 940, 158, 455, 331
140.png, 1816, 790, 408, 462
140.png, 1886, 1519, 395, 276
140.png, 956, 1436, 356, 354
140.png, 506, 1578, 387, 217
141.png, 72, 160, 403, 390
141.png, 8, 292, 403, 447
141.png, 496, 1322, 403, 449
141.png, 956, 1219, 377, 447
141.png, 1886, 1229, 403, 447
141.png, 1824, 504, 400, 460
142.png, 10, 163, 424, 408
142.png, 499, 1131, 400, 431
142.png, 956, 1069, 390, 455
142.png, 1542, 1268, 390, 462
142.png, 1904, 1036, 387, 449
142.png, 1816, 289, 406, 437
143.png, 945, 829, 395, 478
143.png, 1527, 914, 411, 462
143.png, 1878, 731, 413, 444
143.png, 1824, 173, 403, 251
143.png, 426, 1570, 393, 225
144.png, 956, 517, 380, 457
144.png, 434, 1075, 382, 460
144.png, 1529, 426, 403, 462
144.png, 2252, 1302, 493, 426
145.png, 956, 276, 393, 449
145.png, 426, 700, 390, 447
145.png, 976, 1392, 393, 408
145.png, 1519, 168, 429, 346
145.png, 2454, 1501, 400, 297
146.png, 413, 269, 408, 468
146.png, 979, 958, 382, 460
146.png, 584, 1294, 403, 444
146.png, 948, 176, 408, 297
146.png, 1847, 1446, 488, 349
147.png, 971, 480, 408, 468
147.png, 584, 777, 398, 444
147.png, 522, 1431, 411, 362
148.png, 597, 359, 382, 444
148.png, 979, 165, 393, 375
148.png, 530, 1090, 395, 444
149.png, 584, 168, 398, 248
149.png, 134, 1434, 398, 362
149.png, 1413, 1384, 375, 274
149.png, 2304, 1506, 387, 289
150.png, 150, 932, 377, 449
150.png, 2304, 1196, 387, 460
151.png, 956, 951, 372, 431
152.png, 52, 168, 406, 411
152.png, 1994, 581, 375, 421
152.png, 2322, 1072, 372, 504
152.png, 1955, 896, 532, 501
152.png, 1700, 1059, 403, 444
152.png, 390, 1555, 395, 238
153.png, 398, 666, 398, 431
153.png, 431, 1018, 398, 431
153.png, 2051, 956, 411, 473
153.png, 1700, 173, 395, 400
153.png, 925, 1545, 364, 240
154.png, 398, 284, 403, 444
154.png, 434, 612, 403, 437
154.png, 917, 1198, 493, 416
154.png, 1953, 1467, 491, 325
154.png, 2064, 561, 390, 465
155.png, 1966, 775, 483, 424
155.png, 1798, 1304, 390, 465
155.png, 1235, 1413, 372, 240
156.png, 1224, 881, 375, 452
156.png, 1798, 925, 387, 437
157.png, 607, 708, 478, 416
157.png, 2348, 178, 501, 594
157.png, 88, 917, 387, 457
157.png, 336, 1405, 488, 380
157.png, 284, 956, 387, 429
158.png, 615, 284, 473, 413
158.png, 274, 493, 387, 455
158.png, 93, 615, 387, 462
158.png, 346, 878, 480, 398
158.png, 935, 1304, 493, 421
158.png, 1896, 1276, 390, 452
158.png, 2343, 173, 400, 331
159.png, 1408, 176, 400, 377
159.png, 2180, 232, 387, 444
159.png, 65, 839, 382, 449
159.png, 305, 1421, 393, 372
159.png, 1041, 1552, 243, 227
160.png, 70, 238, 380, 452
160.png, 300, 870, 382, 457
160.png, 385, 1080, 398, 447
160.png, 1020, 979, 393, 455
160.png, 1656, 927, 400, 455
160.png, 2118, 1503, 449, 297
161.png, 294, 176, 483, 468
161.png, 1025, 165, 380, 395
161.png, 994, 713, 382, 465
161.png, 1137, 896, 377, 460
161.png, 470, 1413, 387, 380
161.png, 1537, 1013, 387, 439
161.png, 1738, 1545, 488, 248
161.png, 2134, 437, 380, 434
161.png, 2234, 173, 369, 406
162.png, 974, 170, 416, 307
162.png, 1126, 506, 403, 442
162.png, 475, 563, 377, 460
162.png, 34, 1415, 509, 382
162.png, 1534, 201, 380, 444
162.png, 2309, 1508, 400, 282
163.png, 1581, 256, 398, 444
163.png, 2319, 375, 387, 462
163.png, 39, 496, 406, 444
163.png, 165, 896, 488, 362
163.png, 253, 1049, 380, 447
163.png, 331, 1596, 372, 196
163.png, 677, 1506, 398, 279
163.png, 1738, 1511, 364, 279
164.png, 351, 444, 400, 449
164.png, 305, 894, 403, 449
164.png, 762, 1227, 387, 447
164.png, 1020, 715, 393, 439
164.png, 979, 920, 380, 424
164.png, 1705, 922, 499, 413
164.png, 2330, 1186, 400, 473
165.png, 344, 170, 408, 227
165.png, 315, 499, 382, 442
165.png, 752, 796, 406, 462
165.png, 1005, 266, 411, 457
165.png, 974, 532, 382, 439
165.png, 1700, 535, 504, 442
165.png, 2335, 803, 408, 457
165.png, 1906, 1563, 504, 230
166.png, 1346, 651, 496, 398
166.png, 1909, 855, 499, 424
166.png, 2048, 1550, 380, 251
166.png, 1501, 1134, 393, 442
166.png, 1129, 1297, 380, 344
166.png, 524, 1204, 403, 447
167.png, 535, 408, 390, 439
167.png, 214, 1064, 493, 411
167.png, 72, 1444, 473, 349
167.png, 1909, 214, 488, 395
167.png, 2048, 628, 475, 530
167.png, 2412, 860, 341, 455
167.png, 2188, 997, 462, 354
167.png, 2247, 1294, 398, 429
167.png, 1129, 289, 385, 429
167.png, 1493, 519, 393, 444
167.png, 940, 1596, 372, 204
168.png, 230, 615, 483, 380
168.png, 65, 940, 501, 416
168.png, 925, 1157, 398, 457
168.png, 1242, 1372, 395, 266
168.png, 1901, 1211, 393, 457
168.png, 2020, 992, 493, 398
168.png, 2273, 883, 380, 426
168.png, 2172, 548, 457, 390
168.png, 2397, 390, 362, 434
168.png, 2053, 173, 475, 429
168.png, 1493, 176, 393, 462
168.png, 527, 168, 413, 232
169.png, 938, 178, 382, 313
169.png, 847, 901, 375, 452
169.png, 912, 1082, 375, 434
169.png, 1095, 920, 460, 421
169.png, 1217, 1134, 398, 434
169.png, 1676, 1348, 393, 442
169.png, 1893, 165, 426, 183
170.png, 917, 542, 604, 504
170.png, 49, 963, 395, 452
170.png, 1428, 1255, 387, 385
170.png, 1994, 517, 387, 452
170.png, 2043, 746, 426, 460
171.png, 52, 263, 390, 444
171.png, 121, 1537, 403, 263
171.png, 1426, 783, 398, 468
171.png, 1583, 1475, 403, 313
171.png, 891, 170, 607, 297
171.png, 2043, 217, 408, 455
172.png, 103, 173, 395, 263
172.png, 132, 581, 406, 442
172.png, 240, 1338, 375, 444
172.png, 726, 1116, 545, 530
172.png, 1604, 752, 380, 452
172.png, 2348, 204, 393, 455
173.png, 142, 269, 385, 465
173.png, 232, 860, 382, 444
173.png, 302, 1356, 483, 413
173.png, 752, 798, 509, 506
173.png, 1072, 1320, 473, 320
174.png, 225, 163, 398, 398
174.png, 710, 261, 403, 468
174.png, 320, 682, 473, 418
174.png, 568, 1258, 406, 421
174.png, 1077, 697, 473, 421
174.png, 1351, 901, 491, 411
174.png, 1304, 1067, 465, 393
175.png, 302, 240, 493, 413
175.png, 1069, 289, 488, 421
175.png, 1307, 406, 540, 519
175.png, 581, 984, 382, 439
175.png, 1875, 1467, 382, 331
175.png, 2149, 1405, 395, 390
176.png, 573, 522, 400, 475
176.png, 1242, 994, 496, 416
176.png, 1870, 1049, 411, 460
176.png, 2152, 821, 403, 468
176.png, 2286, 1175, 522, 530
177.png, 563, 170, 413, 248
177.png, 1258, 460, 403, 449
177.png, 607, 1064, 486, 434
177.png, 147, 1467, 377, 325
177.png, 418, 1550, 351, 245
177.png, 1886, 532, 393, 462
177.png, 2301, 545, 382, 462
177.png, 2152, 165, 377, 367
177.png, 2415, 170, 380, 364
177.png, 2443, 1529, 411, 269
178.png, 142, 170, 382, 209
178.png, 395, 238, 367, 444
178.png, 956, 424, 372, 439
178.png, 1343, 630, 499, 426
178.png, 480, 994, 375, 449
178.png, 713, 1589, 382, 207
178.png, 2066, 1067, 367, 447
178.png, 2319, 1224, 393, 447
178.png, 2474, 305, 380, 449
179.png, 1343, 170, 501, 263
179.png, 2061, 243, 380, 457
179.png, 2327, 708, 385, 455
179.png, 1235, 1103, 393, 457
179.png, 710, 1007, 382, 452
179.png, 282, 863, 406, 442
180.png, 300, 344, 387, 444
180.png, 1242, 803, 382, 447
180.png, 2325, 429, 390, 455
180.png, 2327, 1490, 496, 305
181.png, 1214, 165, 408, 356
181.png, 315, 1126, 398, 457
181.png, 1994, 1059, 372, 421
181.png, 1942, 1281, 387, 434
181.png, 2154, 870, 367, 457
181.png, 2335, 870, 496, 418
181.png, 127, 1622, 488, 170
182.png, 328, 359, 387, 468
182.png, 116, 1160, 493, 449
182.png, 622, 1253, 504, 424
182.png, 1940, 752, 382, 452
182.png, 1991, 558, 375, 434
182.png, 2167, 406, 362, 455
182.png, 2335, 473, 486, 406
183.png, 127, 687, 486, 421
183.png, 625, 697, 478, 411
183.png, 638, 1335, 393, 437
183.png, 103, 1227, 390, 473
183.png, 1927, 204, 398, 473
183.png, 2134, 176, 398, 199
184.png, 114, 196, 504, 413
184.png, 617, 176, 493, 344
184.png, 641, 798, 403, 421
184.png, 39, 1080, 387, 439
184.png, 963, 1576, 338, 225
184.png, 1888, 1415, 385, 380
184.png, 2361, 1550, 390, 243
185.png, 648, 274, 395, 465
185.png, 953, 894, 398, 449
185.png, 189, 1330, 511, 439
185.png, 1893, 1033, 393, 426
185.png, 1795, 1284, 393, 455
185.png, 2348, 951, 406, 455
186.png, 945, 178, 406, 452
186.png, 199, 945, 499, 444
186.png, 1777, 545, 501, 499
186.png, 2350, 305, 390, 475
187.png, 181, 178, 509, 377
187.png, 222, 610, 380, 447
187.png, 837, 1018, 390, 460
187.png, 1351, 1180, 524, 418
187.png, 1041, 1167, 364, 478
187.png, 705, 1452, 403, 338
187.png, 1746, 1501, 387, 292
187.png, 2451, 770, 385, 465
188.png, 204, 163, 403, 323
188.png, 839, 661, 395, 488
188.png, 713, 948, 395, 447
188.png, 1051, 850, 380, 444
188.png, 1353, 700, 483, 406
188.png, 1746, 932, 390, 457
188.png, 2449, 426, 395, 457
188.png, 1498, 1436, 367, 351
188.png, 468, 1503, 387, 289
189.png, 723, 318, 369, 434
189.png, 878, 214, 359, 457
189.png, 1038, 449, 406, 444
189.png, 940, 943, 504, 530
189.png, 1485, 943, 390, 465
189.png, 462, 842, 393, 449
189.png, 41, 1085, 387, 447
189.png, 1330, 173, 496, 349
189.png, 1736, 251, 387, 447
189.png, 2436, 165, 403, 282
190.png, 1235, 282, 395, 468
190.png, 674, 816, 480, 403
190.png, 532, 1423, 380, 375
190.png, 1774, 406, 390, 470
190.png, 2020, 462, 367, 457
190.png, 2087, 289, 380, 439
191.png, 524, 452, 400, 455
191.png, 421, 708, 483, 411
191.png, 762, 860, 488, 511
191.png, 90, 1434, 390, 354
191.png, 1240, 1191, 385, 462
191.png, 1413, 1224, 480, 395
191.png, 1638, 1403, 375, 390
192.png, 1250, 338, 377, 462
192.png, 762, 163, 488, 282
192.png, 85, 320, 403, 470
192.png, 287, 1322, 514, 455
192.png, 1534, 987, 393, 426
192.png, 2131, 1165, 416, 457
193.png, 282, 194, 522, 591
193.png, 75, 1025, 395, 465
193.png, 227, 1570, 398, 222
193.png, 1529, 1059, 486, 416
193.png, 1529, 212, 387, 455
193.png, 2131, 336, 406, 447
193.png, 2428, 741, 403, 444
193.png, 1511, 1459, 276, 289
194.png, 72, 163, 400, 411
194.png, 230, 641, 400, 439
194.png, 1539, 460, 486, 426
194.png, 1537, 1359, 325, 395
194.png, 460, 1384, 372, 406
194.png, 88, 1475, 406, 323
195.png, 452, 452, 372, 434
195.png, 101, 1002, 400, 457
195.png, 398, 1304, 514, 400
195.png, 1470, 741, 393, 447
195.png, 1836, 762, 390, 418
195.png, 1563, 165, 429, 196
196.png, 400, 408, 501, 434
196.png, 108, 390, 382, 473
196.png, 1459, 165, 403, 222
196.png, 1315, 1087, 393, 460
196.png, 692, 1372, 400, 426
196.png, 2033, 1222, 400, 439
197.png, 1310, 527, 400, 449
197.png, 708, 948, 387, 457
197.png, 93, 163, 400, 351
197.png, 2046, 855, 382, 444
197.png, 2149, 1361, 496, 393
198.png, 692, 165, 400, 421
198.png, 1204, 971, 395, 457
198.png, 2273, 963, 483, 548
198.png, 2030, 158, 398, 442
198.png, 1235, 1403, 496, 243
198.png, 2480, 749, 380, 465
199.png, 28, 749, 395, 462
199.png, 1056, 455, 403, 473
199.png, 1064, 199, 398, 395
199.png, 297, 181, 395, 225
199.png, 604, 165, 344, 160
199.png, 1157, 1250, 491, 411
199.png, 2211, 173, 488, 320